"price","bedrooms","bathrooms","sqft_living","sqft_lot","floors","waterfront","view","condition","grade","sqft_above","yr_built","yr_renovated","zipcode","lat","long","sqft_living15","sqft_lot15"
580500,3,2.5,2320,3980,2,0,0,3,8,2320,2003,0,98027,47.5391,-122.07,2580,3980
410000,3,1,1410,5060,1,0,0,4,7,910,1956,0,98133,47.7073,-122.34,1130,5693
305000,3,1.75,1650,9480,1,0,0,3,7,1220,1977,0,98034,47.726,-122.191,1540,8400
210000,2,1,830,6000,1,0,0,3,6,830,1940,0,98126,47.5308,-122.376,830,4960
592500,2,2,1420,9191,1.5,0,2,5,7,1420,1928,0,98115,47.6979,-122.32,1420,6816
255000,3,1,1230,10170,1,0,0,3,7,1230,1979,0,98045,47.4437,-121.772,1380,10098
2900000,4,3.25,5050,20100,1.5,0,2,3,11,4750,1982,2008,98004,47.6312,-122.223,3890,20060
389999,4,2.5,1890,15770,2,0,0,4,7,1890,1968,0,98166,47.4281,-122.343,2410,15256
505000,3,2,1260,5460,1,0,0,3,7,1260,1972,0,98034,47.7355,-122.18,1510,5460
578000,4,2.5,3140,9225,1,0,2,5,9,1770,1966,0,98055,47.4904,-122.226,2460,9600
1197350,4,2.5,2770,7800,2,0,0,3,10,2770,1999,0,98033,47.684,-122.205,2720,10000
204000,3,1,1040,7405,1,0,0,4,6,1040,1971,0,98010,47.3105,-122.021,1580,7405
315000,4,2.75,2300,18360,1,0,0,4,7,1560,1979,0,98058,47.4518,-122.16,1870,9588
399950,4,2,2420,31465,1,0,0,3,9,2420,1984,0,98092,47.3131,-122.115,2560,32186
240000,3,1.75,1760,6500,1,0,0,3,7,1150,1987,0,98038,47.3647,-122.05,1760,8125
459000,2,1.75,1170,4887,1,0,0,3,6,1020,1929,0,98117,47.695,-122.366,1170,5441
327000,5,2.75,2400,8050,2,0,0,3,8,2400,1998,0,98092,47.2635,-122.209,2400,8050
166600,3,1.75,1150,8690,1,0,0,4,7,1150,1977,0,98042,47.3729,-122.115,1330,7040
2e+05,1,1.5,1010,1157,2,0,0,3,8,950,2007,0,98126,47.5492,-122.372,1360,1688
429000,2,1,1080,3600,1,0,0,3,7,1080,1922,0,98122,47.6078,-122.291,2230,4500
425000,3,1.75,1560,9452,1,0,0,4,8,1560,1974,0,98056,47.5197,-122.18,2200,9985
510000,3,1.75,1490,3800,1,0,0,3,6,700,1913,0,98118,47.5554,-122.27,2180,4000
457000,4,3,2800,7845,2,0,0,3,8,2800,2002,0,98038,47.3544,-122.013,2800,6977
350000,4,2.5,2530,10155,2,0,0,3,8,2530,1998,0,98042,47.351,-122.146,2330,7205
321000,5,2.75,3030,7000,1,0,0,4,7,1540,1978,0,98032,47.3661,-122.28,1790,7330
5300000,6,6,7390,24829,2,1,4,4,12,5000,1991,0,98040,47.5631,-122.21,4320,24619
372000,4,1.75,1960,9300,1,0,0,5,7,1340,1979,0,98045,47.4487,-121.772,1500,9752
490000,2,1,880,6380,1,0,0,3,7,880,1938,1994,98115,47.6924,-122.322,1340,6380
1062500,4,4,5320,20041,2,0,0,3,11,5320,2003,0,98075,47.5852,-121.966,4640,17268
264950,3,1.5,1470,11599,1,0,0,3,7,1070,1967,0,98030,47.3632,-122.188,1580,9760
495000,2,1,970,4284,1,0,0,3,7,970,1905,0,98103,47.6667,-122.333,2050,4284
499950,3,3.5,1820,1991,2,0,0,3,8,1430,2014,0,98144,47.596,-122.298,1550,1460
270000,3,2.25,2080,4252,1.5,0,0,3,7,1550,2003,0,98042,47.4203,-122.157,2080,2275
265900,3,2,1180,7793,1,0,0,4,7,1180,1992,0,98031,47.4053,-122.181,1720,7793
434500,3,1.75,1650,7965,1,0,0,4,7,1650,1967,0,98034,47.7335,-122.193,1560,7350
339000,3,2.25,2090,10120,1,0,0,4,7,1290,1979,0,98058,47.4654,-122.174,1820,7983
219900,4,1.5,1120,5427,1,0,0,3,6,1120,1969,2014,98042,47.3628,-122.087,1150,5304
445000,5,3,3880,7180,2,0,0,3,7,3880,2004,0,98056,47.4797,-122.179,2160,4793
503000,4,2.5,2940,156988,2,0,2,3,9,1870,1996,0,98014,47.6214,-121.946,2940,71002
389950,2,1,820,4234,1,0,1,3,6,820,1951,0,98136,47.5294,-122.386,1550,4236
930000,4,3,2900,10400,1,0,3,5,8,1530,1959,0,98008,47.5854,-122.114,2820,10400
302000,4,1.75,1530,17664,1.5,0,0,3,7,1530,1968,0,98058,47.4549,-122.155,1530,11625
605000,3,2,2660,4500,1,0,0,4,7,1330,1922,0,98199,47.6391,-122.403,1790,5000
439900,2,2,1410,12282,1.5,0,0,5,8,1410,1909,1988,98024,47.5242,-121.926,1410,8931
8e+05,4,2,2130,2800,1,0,0,5,7,1070,1922,0,98103,47.6545,-122.333,1990,3990
445000,4,1.75,2430,13211,1.5,0,0,4,7,2430,1909,1978,98024,47.5245,-121.926,1330,10500
278000,3,1,860,7632,1,0,0,3,6,860,1920,0,98166,47.4623,-122.345,890,7632
603000,3,2.25,1700,2800,2,0,0,5,7,1150,1926,0,98115,47.6819,-122.311,1500,3400
1600000,3,2.5,3160,12824,1,0,2,4,9,1820,1966,0,98004,47.6151,-122.216,3390,11985
965000,4,2.5,4070,57587,2,0,0,3,10,4070,1989,0,98052,47.6908,-122.052,3890,35960
406000,3,1,960,5264,1,0,0,3,7,960,1953,0,98115,47.6805,-122.301,1140,5150
620000,4,2.5,2580,7465,2,0,0,3,8,2580,1993,0,98074,47.6319,-122.022,2350,7596
561000,4,2.5,2570,5250,2,0,0,3,8,2570,1990,0,98029,47.5763,-122,2260,5392
726000,5,3,2970,10335,2,0,0,3,9,2970,2000,0,98075,47.598,-122.019,2970,10335
172000,3,1,1350,9680,1,0,0,4,7,820,1959,0,98023,47.3274,-122.346,1320,9225
212000,3,1.5,1010,10000,1,0,0,4,7,1010,1973,0,98003,47.2881,-122.294,2420,34637
638500,4,2.5,1980,6568,2,0,0,3,8,1980,2004,0,98052,47.704,-122.101,2310,6496
280000,2,1,1260,4800,1,0,0,3,6,1100,1947,0,98126,47.5196,-122.376,1260,2435
450000,4,1.75,1980,7350,1,0,0,3,7,1430,1973,0,98034,47.7088,-122.202,1870,7920
149900,2,1.75,1090,1950,1,0,0,4,8,1090,1982,0,98198,47.3782,-122.319,1360,3426
425000,4,1.75,1820,6000,1,0,0,3,7,930,1942,0,98115,47.6872,-122.296,1590,6000
746000,4,2.75,2110,8190,1.5,0,0,5,8,2110,1966,0,98008,47.6269,-122.1,2420,8400
362000,1,1,890,211576,1.5,0,0,3,7,890,1996,0,98019,47.7216,-121.883,1670,217364
525000,3,2.5,2200,4544,2,0,0,3,8,2200,2000,0,98065,47.5319,-121.867,2400,5431
387500,6,2,2400,7684,1,0,0,3,6,1200,1932,2005,98028,47.7705,-122.269,1290,9800
228000,2,1,1060,6100,1,0,0,3,6,1060,1951,0,98125,47.7317,-122.296,1550,9150
775000,4,3.25,4100,241322,2,0,0,3,9,2500,1981,0,98072,47.7302,-122.096,3770,87821
580000,3,2.5,1590,1937,2.5,0,0,3,8,1590,2004,0,98116,47.5903,-122.388,1620,2022
345000,3,2,1430,4200,1,0,0,4,7,830,1908,0,98199,47.6462,-122.384,1540,5000
480000,4,1,2080,5500,1,0,0,3,7,1040,1941,0,98117,47.6838,-122.386,1280,4000
580000,6,2.5,3596,13700,1,0,0,5,8,1798,1964,0,98166,47.4388,-122.339,1894,10500
271000,4,1.75,1710,7200,1,0,0,5,7,910,1975,0,98031,47.3967,-122.174,1730,7200
299950,3,1.5,1940,8951,1,0,0,3,7,1300,1958,0,98168,47.473,-122.328,2000,8319
257200,3,2,1850,8250,1,0,0,4,7,1150,1952,0,98002,47.3066,-122.209,1580,7153
590000,4,4.25,2360,57514,2,0,0,4,8,2360,1939,1987,98003,47.2843,-122.294,2037,35733
340000,3,1,3180,27586,1,0,0,3,8,1400,1969,0,98022,47.1986,-121.967,2180,27586
299000,3,2.5,2450,7062,2,0,0,3,8,2450,1993,0,98023,47.3061,-122.36,1960,7200
465000,5,1.5,1750,12491,1,0,0,3,6,1390,1961,0,98033,47.6995,-122.174,1560,12473
150000,2,1,720,212137,1,0,0,3,5,720,1982,0,98058,47.422,-122.066,2010,109642
695000,4,2.5,3010,11393,2,0,0,3,8,3010,2005,0,98028,47.7389,-122.221,2810,11282
2e+05,3,1.5,1090,9600,1,0,0,4,7,1090,1968,0,98042,47.3639,-122.109,1240,9620
280000,2,1.5,800,1196,2,0,0,3,8,800,2003,0,98103,47.6972,-122.341,1020,1087
356000,4,2,2020,48693,1.5,0,0,3,7,2020,1949,0,98045,47.4646,-121.759,1610,34900
625000,3,2.25,1970,4564,1,0,0,3,8,1470,1959,0,98199,47.6703,-122.41,1980,5000
367777,5,3,2140,5937,1,0,0,3,7,1280,1978,0,98118,47.5459,-122.27,1820,6710
2890000,4,4,5780,7173,2,0,0,3,11,4130,2008,0,98112,47.6374,-122.288,3930,7994
270000,4,2.5,2490,11650,1,0,0,3,7,1390,1990,0,98148,47.4416,-122.332,2010,10495
408500,4,2.5,2720,7043,2,0,0,3,9,2720,2003,0,98092,47.3315,-122.169,2640,6958
550000,4,1.75,2410,8447,2,0,3,4,8,2060,1936,1980,98074,47.6499,-122.088,2520,14789
735000,5,2.75,3390,5211,2,0,0,3,9,3390,2004,0,98075,47.5977,-121.981,3210,5211
820000,3,1.75,2160,6272,1,0,0,4,8,1390,1960,0,98115,47.6777,-122.306,1290,5376
494000,4,2.25,1790,42000,1,0,0,3,7,1170,1983,0,98045,47.4819,-121.744,2060,50094
465000,4,1.75,1730,11700,1,0,0,3,7,880,1956,0,98008,47.6031,-122.13,1570,7820
389000,2,2,1340,4122,1,0,0,3,8,1340,2007,0,98053,47.7182,-122.022,1350,4273
192950,3,1,1170,3330,2,0,0,4,6,1170,1969,0,98092,47.3155,-122.182,1090,3330
899100,5,2.5,2410,15300,1,0,0,4,8,1400,1975,0,98040,47.5416,-122.231,2440,15300
346950,3,1.75,1830,10954,1,0,0,3,7,1830,1963,0,98155,47.7554,-122.306,1850,8624
191000,3,1,990,8255,1,0,0,3,7,990,1953,0,98148,47.425,-122.331,1180,9750
249950,4,1.75,1620,10530,1,0,0,3,7,1620,1968,0,98030,47.3808,-122.211,1890,9975
360000,3,2,1930,15540,1,0,0,3,8,1260,1958,0,98155,47.7675,-122.307,1900,12123
530000,2,1,840,3400,1,0,2,4,7,840,1924,0,98119,47.6403,-122.372,2000,4000
221000,3,1,1240,5250,1.5,0,0,4,6,1240,1904,0,98055,47.4917,-122.206,1240,5250
412000,2,1.5,1240,3873,1,0,0,4,6,860,1909,0,98116,47.5752,-122.388,1240,4336
370000,3,2.5,2490,18525,2,0,3,3,8,2490,1995,0,98022,47.2119,-122.001,1850,9516
650000,4,2,1930,3976,1.5,0,0,4,8,1930,1914,0,98122,47.6117,-122.297,1470,4080
599900,3,1.5,2605,12030,1,0,0,3,8,1355,2003,0,98019,47.7725,-121.899,1590,15242
495000,3,2,2950,12196,2,0,0,4,7,2310,1918,0,98166,47.4702,-122.365,2320,19844
248500,4,1.75,1720,10018,1,0,0,5,7,1720,1960,0,98042,47.3614,-122.119,1220,10018
549000,2,1,2034,13392,1,1,4,5,7,1159,1947,0,98070,47.3312,-122.503,1156,15961
832500,3,2,1870,9527,1,0,0,4,7,1870,1951,1997,98040,47.5777,-122.224,1970,11904
895000,4,2.5,3480,38985,2,0,0,3,10,3480,1989,0,98053,47.6895,-122.052,3630,36290
239000,3,1.75,1470,8925,1,0,0,4,7,1470,1957,0,98022,47.2026,-122,1430,9282
322400,3,1.75,1710,15844,1,0,0,4,8,1710,1964,0,98059,47.4706,-122.1,1990,20359
395000,2,1.5,1010,3060,1,0,0,4,7,1010,1918,0,98103,47.6897,-122.354,1160,4080
610000,3,1,1000,4959,1,0,0,3,8,1000,1945,0,98105,47.6629,-122.277,2240,4959
474000,4,2.25,1960,14834,1,0,0,4,8,1330,1976,0,98072,47.7434,-122.095,1540,15000
303500,4,2.5,1920,7345,2,0,0,3,8,1920,1992,0,98038,47.3526,-122.055,1860,7364
294700,3,2,1970,9600,1,0,0,4,7,1300,1967,0,98003,47.2824,-122.301,1710,7703
675000,3,1.75,1680,10500,1,0,0,4,8,1680,1959,0,98005,47.6098,-122.169,2250,10400
638500,4,1.75,1770,12462,1,0,2,4,8,1770,1962,0,98166,47.4355,-122.338,2310,14810
329950,4,1,1360,5900,1.5,0,0,4,7,1360,1949,0,98155,47.7512,-122.318,1050,5900
640000,2,1.75,1760,4400,1,0,0,4,7,880,1930,0,98103,47.65,-122.34,1330,4180
345000,4,1,1980,7991,1.5,0,0,3,7,1980,1962,0,98058,47.4604,-122.17,1730,7700
530000,3,2.25,1264,1536,2,0,0,3,8,1264,2003,0,98105,47.6694,-122.279,1264,2067
536000,4,2.25,1990,5948,2,0,0,3,8,1990,1991,0,98029,47.5712,-121.995,2150,6459
835000,4,3.25,3270,6027,2,0,0,3,10,3270,2001,0,98074,47.6346,-122.063,3270,6546
152000,3,1,902,10464,1,0,0,3,7,902,1965,0,98198,47.363,-122.308,1510,7210
559000,2,2,1660,4500,1,0,0,3,8,1660,2003,0,98053,47.7094,-122.031,1670,5580
866000,4,3.25,3990,9786,2,0,0,3,9,3990,2004,0,98053,47.6784,-122.026,3920,8200
1517000,3,2.25,2610,9409,1,1,4,4,8,2610,1963,0,98075,47.5789,-122.076,2970,9156
555000,3,3,3760,188760,1,0,0,4,10,2640,1979,0,98092,47.308,-122.087,2820,50543
583000,3,2.5,1790,8144,2,0,0,3,8,1790,1989,0,98074,47.6169,-122.045,1800,7503
452000,2,1,1340,8100,1,0,2,3,8,1340,1950,0,98177,47.7212,-122.364,1680,7752
345950,3,2.5,2110,4118,2,0,0,3,8,2110,1989,0,98042,47.3878,-122.153,2110,4044
855000,4,3,3090,35074,2,0,0,3,9,3090,1978,0,98005,47.6359,-122.159,3120,35150
509007,3,1.75,1800,7620,1,0,0,3,8,1350,1951,0,98177,47.7165,-122.361,1770,7620
252000,3,2.5,1680,8284,2,0,0,3,7,1680,1989,0,98038,47.3609,-122.048,1550,8284
150000,3,1,890,6488,1.5,0,0,3,5,890,1928,0,98014,47.7087,-121.352,1330,16250
226000,3,1.75,1490,6269,1,0,0,4,6,990,1944,0,98056,47.4917,-122.188,1490,7722
407450,3,2,1810,10860,1,0,0,3,7,1810,1967,0,98053,47.6393,-121.967,1420,11982
610000,3,2.5,3440,18167,2,0,0,3,11,3440,1991,0,98023,47.2909,-122.342,3990,20239
367500,4,3,3110,7231,2,0,0,3,8,3110,1997,0,98092,47.3279,-122.191,2820,7311
239950,3,2.25,1560,8280,2,0,0,4,7,1560,1979,0,98001,47.3393,-122.259,1920,8120
430000,2,1.75,1840,14874,1,0,2,3,8,1300,1952,0,98166,47.4382,-122.348,2920,15084
850000,5,4,2980,4500,1.5,0,0,3,7,2070,1921,0,98115,47.6736,-122.323,1560,4225
356000,3,1,940,2366,1,0,0,3,6,940,1916,0,98107,47.6744,-122.383,1500,5000
502550,3,1.75,1770,7875,1,0,0,4,7,1170,1958,0,98008,47.606,-122.125,1670,8000
274000,2,1,820,6200,1,0,0,4,6,820,1954,0,98166,47.4163,-122.34,1410,14000
435000,3,2.5,1470,3000,1,0,0,3,7,930,1985,0,98115,47.6832,-122.286,1470,5588
424500,4,1.5,1830,6985,1,0,0,3,7,1080,1967,0,98028,47.7494,-122.236,1650,9501
750000,4,2.5,2510,17200,1,0,2,4,9,1540,1977,0,98052,47.6287,-122.089,2370,14621
875000,4,2.5,3230,256132,2,0,0,3,9,3230,2006,0,98053,47.6544,-121.998,3080,217800
361000,3,1,1100,4046,1.5,0,4,4,6,1100,1922,0,98198,47.344,-122.331,2550,7847
1775000,4,3.25,3730,7071,3,0,2,3,11,3730,1985,0,98109,47.6292,-122.355,3730,7680
1184000,4,2.5,3200,7500,1.5,0,1,5,8,1860,1948,0,98115,47.6826,-122.274,2500,6500
692500,3,2.5,2420,198198,2,0,0,3,9,2420,1997,0,98077,47.772,-122.022,2780,179467
499100,3,1.5,1620,5108,1,0,0,3,7,1620,1954,0,98115,47.6978,-122.316,1380,6130
548000,4,2.5,2440,11005,2,0,0,3,9,2440,1994,0,98056,47.5318,-122.176,2590,14754
960000,3,2.5,2010,6857,1,0,0,4,9,1450,1955,0,98102,47.6402,-122.314,2380,6370
258000,3,1,1490,7435,1,0,0,3,7,1120,1969,0,98198,47.368,-122.314,1490,7530
402000,3,2.5,1970,12205,2,0,0,4,8,1970,1990,0,98011,47.7397,-122.209,2640,9636
570000,3,2.25,2010,6000,1,0,0,3,8,1330,1975,0,98052,47.6912,-122.115,2080,8260
439888,2,2,1300,6515,1,0,0,3,8,1300,2005,0,98053,47.7078,-122.013,1640,6009
299995,3,2.5,1970,7500,2,0,0,3,8,1970,1988,0,98092,47.2658,-122.218,1950,8220
251000,3,2,1650,7930,1,0,0,4,7,1650,1989,0,98038,47.3617,-122.05,1510,7930
630000,2,2.5,2290,3507,2,0,0,3,9,2290,2005,0,98029,47.5545,-122.002,2290,3640
380000,4,1.5,1680,11123,1,0,0,3,7,1130,1959,0,98177,47.7565,-122.361,1770,10103
355000,4,2.5,1780,15000,2,0,0,2,7,1780,1993,0,98058,47.4239,-122.153,2005,9680
580000,5,2.5,2500,11900,1,0,0,3,7,1400,1963,0,98007,47.5915,-122.132,2820,11900
212000,1,1,620,7620,1,0,0,3,6,620,1926,0,98166,47.4697,-122.349,1160,7620
315000,2,1,770,6731,1,0,0,4,6,770,1943,0,98155,47.7505,-122.312,1120,9212
250000,4,1.5,1220,4900,1,0,0,3,6,1220,1942,0,98118,47.5292,-122.269,1410,3000
536000,3,2.5,1990,7397,2,0,0,3,9,1990,1993,0,98072,47.7703,-122.165,2210,7397
652500,4,2.5,2700,9122,2,0,0,3,9,2700,1990,0,98029,47.5771,-121.994,2500,9122
440000,3,1.75,2000,9900,1,0,2,4,8,1480,1957,0,98166,47.4436,-122.339,2310,10200
249900,2,1,560,7560,1,0,0,3,6,560,1944,0,98126,47.5271,-122.375,990,7560
312000,2,1,1170,5150,1,0,0,3,6,980,1907,0,98118,47.5503,-122.283,1660,5150
770000,4,3,2800,9127,2,0,0,3,9,2800,1999,0,98074,47.6123,-122.007,2780,8165
189000,3,1,860,5200,1,0,0,5,6,860,1969,0,98042,47.3677,-122.078,1010,5200
175000,3,1,1010,7034,1,0,0,3,7,1010,1954,0,98055,47.49,-122.22,1440,10994
225000,3,1.75,1460,8372,1,0,0,4,7,1460,1981,0,98042,47.3683,-122.087,1220,7803
235000,3,2,1530,8700,1,0,0,4,7,1530,1970,0,98055,47.4529,-122.207,1960,7600
279000,4,2,2200,7700,1,0,0,3,7,1100,1979,0,98058,47.464,-122.18,1790,7700
525000,5,3,2750,3800,1.5,0,0,5,7,1750,1926,0,98115,47.6845,-122.313,1900,3800
205000,3,1.5,1420,5000,1,0,0,3,7,920,1987,0,98198,47.4192,-122.33,1400,7500
340000,3,1.75,1740,10800,1,0,0,3,7,1740,1959,0,98133,47.7717,-122.351,1810,7735
250000,3,1.75,1200,24805,1,0,0,3,6,1200,1984,0,98031,47.4236,-122.195,2150,4339
299000,2,1.75,1250,34395,1,0,0,4,7,1250,1950,0,98003,47.2802,-122.316,1910,26042
698000,4,2.5,2990,7231,2,0,0,3,9,2990,2001,0,98075,47.5623,-122.032,3160,8339
585000,4,2,2400,12753,1,0,0,4,7,2400,1962,0,98033,47.6947,-122.177,1830,12060
310000,4,2.5,2660,12672,1,0,0,4,8,1740,1960,0,98003,47.3334,-122.323,2280,12477
585000,3,2.75,3080,7282,2,0,0,3,9,3080,2008,0,98059,47.4826,-122.149,3080,7274
790000,4,3,3180,12070,2,0,0,4,9,3180,1976,0,98074,47.6371,-122.058,3110,12600
415500,3,1.5,1240,12400,1,0,0,3,7,1240,1958,0,98007,47.607,-122.132,1640,9600
309900,3,2.5,2020,26670,2,0,0,3,7,2020,1987,0,98003,47.2597,-122.31,1680,10939
450000,4,2.25,2120,8267,2,0,0,3,8,2120,1996,0,98045,47.4885,-121.779,2150,7746
275000,2,1,680,4190,1,0,0,2,5,680,1906,0,98103,47.6901,-122.358,1070,4175
563250,3,1.75,1370,2800,1,0,0,5,7,800,1982,0,98122,47.6157,-122.291,2270,3773
505000,3,2.25,1670,1596,2,0,0,3,8,1220,2002,0,98199,47.6474,-122.396,1670,1596
425000,3,1.5,1300,19163,1,0,0,3,7,1300,1964,0,98052,47.6686,-122.153,1590,9744
1565000,4,2.75,2810,8570,2,0,0,3,10,2810,1993,0,98004,47.6159,-122.211,2810,9621
514000,3,1.75,1720,5899,1,0,1,3,8,1220,1986,0,98136,47.5399,-122.385,1900,6244
680000,4,2.5,3290,6012,2,0,0,3,9,3290,2005,0,98075,47.5961,-121.98,3210,6005
518000,5,1,1590,5000,1.5,0,0,3,7,1190,1929,0,98116,47.5752,-122.381,1590,5000
450000,3,1,1450,3350,1.5,0,0,4,7,1450,1919,0,98126,47.5607,-122.378,1340,4255
650000,5,2,1910,4667,1,0,0,3,7,1010,1908,0,98112,47.6236,-122.306,1230,2545
605000,4,2.5,2520,3980,2,0,0,3,8,2520,2004,0,98027,47.5399,-122.07,2580,3980
555000,4,2.5,2870,6776,2,0,0,3,8,2870,2004,0,98065,47.539,-121.878,2770,6658
375000,3,1,1870,7671,1,0,0,4,8,1720,1937,0,98177,47.7162,-122.36,1460,7679
435000,3,3,1440,1350,3.5,0,2,3,8,1440,2005,0,98103,47.6525,-122.345,1440,1350
319000,3,2.5,2110,7434,2,0,0,4,7,2110,1978,0,98031,47.3935,-122.169,2100,7749
670000,3,1.5,1220,4080,1.5,0,0,5,7,1220,1914,0,98144,47.5746,-122.289,1320,4080
268500,2,1,790,8424,1,0,0,4,6,790,1953,0,98133,47.7511,-122.352,1470,8424
338000,2,1,750,6439,1,0,0,4,6,750,1934,0,98103,47.6995,-122.354,1470,6374
354000,2,1,1390,7740,1,0,0,4,6,1390,1925,0,98126,47.5232,-122.371,1290,7740
329000,4,1,1120,3844,1,0,0,3,7,1120,1972,0,98133,47.7038,-122.352,1480,3844
433000,3,2.75,2000,7200,1,0,0,3,7,1000,1954,2014,98166,47.4531,-122.352,1440,7200
1084500,4,2.75,2640,5000,2,0,0,3,9,1840,1943,2004,98105,47.6619,-122.275,2010,5000
304950,2,1,670,6720,1,0,0,5,6,670,1942,0,98126,47.5151,-122.372,710,6720
1145000,3,2.5,2490,4000,2,0,0,5,8,1670,1918,0,98109,47.6403,-122.35,2310,4000
410000,4,1.75,1790,11875,1,0,0,4,7,1490,1969,0,98027,47.522,-122.047,1870,11760
385000,3,1.75,1560,14288,1,0,0,3,6,780,1944,0,98125,47.7183,-122.306,1320,8928
738000,3,1,1280,3900,1,0,0,4,7,1280,1921,0,98103,47.6545,-122.336,2020,4560
875000,5,4.25,4720,18741,2,0,0,3,11,3210,2005,0,98053,47.6347,-122.013,3880,37328
945000,4,2.25,2420,9000,1,0,4,5,9,2000,1967,0,98146,47.4884,-122.363,2400,9035
599000,3,1.75,1960,4788,1,0,0,4,7,1090,1920,0,98115,47.6746,-122.312,1960,3960
405000,2,2.5,1790,5400,2,0,0,4,8,1790,1979,0,98052,47.6606,-122.128,1700,5760
460000,2,1,1030,5934,1,0,0,4,7,1030,1928,0,98115,47.6828,-122.287,1420,5588
734000,4,2.75,3090,7650,2,0,2,3,8,2340,1959,1989,98042,47.3622,-122.157,2760,10370
395000,5,1.75,1840,10453,1,0,2,3,8,1360,1948,0,98166,47.4508,-122.368,2250,11250
207100,2,1,1000,4500,1,0,0,3,6,1000,1916,0,98055,47.4896,-122.204,980,4837
1175000,3,2.5,1970,23180,1,1,4,3,8,1100,1937,1998,98136,47.5495,-122.398,3030,34689
255000,3,1,1440,11330,1,0,0,3,7,1440,1965,0,98168,47.4742,-122.265,1580,10100
341000,3,1,1390,4814,1.5,0,0,3,6,1390,1908,0,98115,47.6881,-122.32,1730,3990
150000,2,1.5,1360,1934,2,0,0,4,7,1360,1978,0,98092,47.2857,-122.189,1360,1898
278000,2,2.5,1420,2229,2,0,0,3,7,1420,2004,0,98059,47.4871,-122.165,1500,2230
1078500,4,3.5,3740,41458,2,0,2,3,11,3740,2000,0,98072,47.7375,-122.139,3750,38325
533000,4,2.5,2590,6394,2,0,0,3,8,2590,2003,0,98028,47.7599,-122.233,2500,5328
565000,3,1.75,1720,2218,1.5,0,0,3,7,1270,1931,2003,98103,47.649,-122.335,1130,1600
495000,3,2.5,2577,156816,2,0,0,3,8,2577,2000,0,98092,47.2935,-122.108,2090,156816
2300000,4,3.25,4110,15929,2,1,4,3,12,2720,2001,0,98115,47.6934,-122.271,2640,15929
499000,4,2.5,1970,2601,2,0,0,3,7,1440,1999,0,98144,47.5949,-122.308,1760,3025
505000,2,1,1020,5000,1,0,0,4,7,1020,1916,0,98117,47.6781,-122.363,1480,5000
650000,4,2.75,1910,16532,1,0,0,4,7,1420,1940,0,98117,47.6952,-122.39,2300,8250
9e+05,5,3.75,4130,226076,2,0,0,3,9,3170,1985,0,98077,47.715,-122.065,4130,55321
215000,3,1,1180,9000,1,0,0,4,7,1180,1970,0,98031,47.39,-122.166,1290,8316
185000,3,1.75,1500,7800,1,0,0,3,7,1500,1968,0,98092,47.3141,-122.192,1490,7800
550000,3,1.75,1890,100623,1,0,3,3,8,1890,1978,0,98053,47.6454,-121.978,2110,50529
650000,4,2.5,2110,6820,1,0,0,5,7,1530,1942,0,98115,47.6882,-122.306,1420,6431
382500,4,2.5,2210,7079,2,0,0,3,8,2210,1993,0,98031,47.4206,-122.183,1970,7000
870000,4,2.5,3240,7621,2,0,2,3,9,3240,2003,0,98075,47.5641,-122.032,4610,7150
474950,3,2,2250,222156,1,0,0,3,7,2250,1987,0,98065,47.542,-121.792,2110,121968
1712750,5,2.5,2660,6572,1,0,0,5,9,1960,1959,0,98039,47.6176,-122.223,3960,14595
575000,3,1.75,2680,8625,1,0,0,5,8,1590,1974,0,98027,47.5316,-122.056,2620,14275
336500,4,2.5,2500,5264,2,0,0,3,7,2500,2003,0,98038,47.3853,-122.028,1960,5250
740000,4,2,2800,8540,1,0,0,4,8,1730,1977,0,98052,47.6869,-122.126,2470,9400
230000,3,1,880,7500,1,0,0,3,7,880,1978,0,98198,47.3837,-122.307,880,7500
583000,4,2.5,2660,4000,2,0,0,3,8,2660,2001,0,98053,47.6876,-122.038,2330,4517
199950,2,1,700,5200,1,0,0,5,5,700,1952,0,98056,47.4924,-122.174,970,5200
838400,4,2.5,2620,9525,2.5,0,0,4,9,2620,1974,0,98040,47.5631,-122.219,2580,9525
614950,3,1,1500,2400,1.5,0,0,5,7,1500,1900,0,98119,47.6333,-122.362,1780,3600
225000,3,1.5,1390,12500,1,0,0,4,6,1390,1976,0,98014,47.6496,-121.908,1390,9000
395000,3,2.5,2300,8938,2,0,0,3,9,2300,1989,0,98031,47.4181,-122.211,2570,9694
429000,3,1,1540,37950,1,0,0,4,7,1090,1959,0,98001,47.3259,-122.289,1820,24375
435010,3,1,1270,4000,1,0,0,3,7,1120,1954,0,98106,47.5293,-122.354,1220,4600
257500,3,1,1690,13825,1,0,0,3,7,1210,1955,0,98148,47.4256,-122.322,1190,9450
860000,4,2.5,3560,11119,1,0,2,3,10,2290,1986,0,98004,47.6456,-122.19,3290,11385
450000,3,1,1540,9028,1,0,0,4,6,1540,1968,0,98033,47.6698,-122.177,1450,9028
1100000,3,2,2390,6888,2,0,1,5,8,2390,1939,0,98115,47.6839,-122.274,2390,7920
450000,3,2.25,1940,8312,1,0,1,4,7,1220,1963,0,98166,47.4556,-122.346,2060,9503
375000,4,1.75,1870,12500,1,0,1,5,6,1030,1943,0,98056,47.511,-122.197,2060,14141
597000,4,2.5,2280,2432,2,0,0,5,8,1520,1921,0,98103,47.6605,-122.355,1690,2099
580000,4,2.25,2610,7700,1,0,0,3,8,1700,1977,0,98027,47.5659,-122.089,2260,8266
1015000,5,2.5,2350,4000,2,0,0,3,9,2350,1993,0,98112,47.6265,-122.296,1840,4000
390000,5,1.75,2250,8970,1,0,0,4,7,1500,1966,0,98034,47.7217,-122.188,1940,8710
386500,3,2.25,2950,8036,1.5,0,0,3,8,1950,1963,0,98125,47.7239,-122.313,2060,7200
625000,4,2.75,2390,6979,2,0,0,3,8,2390,1993,0,98029,47.5703,-121.996,2090,6321
562100,3,2.25,2090,12112,2,0,0,3,8,2090,1983,0,98052,47.7015,-122.13,1760,12112
715000,2,1,1000,3513,1,0,4,4,5,1000,1914,0,98116,47.5935,-122.39,1930,4920
165000,3,1,910,8700,1,0,0,4,6,910,1943,0,98188,47.449,-122.29,1090,8700
225000,4,1,1410,7000,1.5,0,0,3,7,1410,1963,0,98032,47.3767,-122.287,1540,7000
580000,3,2.25,1940,5980,1,0,0,3,7,1520,1987,0,98027,47.5476,-122.075,1910,6309
385000,3,1,1420,10980,1,0,0,4,7,1200,1954,0,98006,47.574,-122.138,1630,9763
519000,3,1.75,1560,26099,1,0,3,4,8,1560,1973,0,98070,47.5023,-122.467,1760,19687
415000,3,1.5,1860,9003,1,0,0,3,7,1490,1955,0,98028,47.7624,-122.26,2090,11574
510000,3,2.5,1830,8133,1,0,0,3,8,1390,1996,0,98028,47.7478,-122.247,2310,11522
275000,2,1,2180,12875,1,0,0,3,7,1480,1959,0,98198,47.3757,-122.303,1800,7447
395000,3,2,1470,10125,1,0,0,4,7,1470,1962,0,98011,47.7751,-122.222,1440,10125
177000,3,1,870,5200,1,0,0,5,6,870,1969,0,98042,47.3695,-122.081,870,5200
725000,3,1,940,8377,1,0,0,4,7,940,1952,0,98004,47.5974,-122.2,1710,6900
552500,5,3,2320,7229,1,0,0,4,8,1370,1986,0,98052,47.697,-122.097,2090,7554
464950,4,2.5,2230,64438,1,0,0,4,7,1230,1978,0,98027,47.4754,-122.007,2230,71002
735000,4,2.75,3040,2415,2,1,4,3,8,3040,1966,0,98118,47.5188,-122.256,2620,2433
1535000,4,4.5,5770,10050,1,0,3,5,9,3160,1949,0,98115,47.677,-122.275,2950,6700
288000,5,2.75,2790,4807,1.5,0,0,4,7,2140,1949,0,98002,47.3098,-122.223,1056,4807
225000,3,1.5,1660,7221,1,0,0,3,7,980,1962,0,98168,47.4962,-122.32,1770,8083
490000,5,2.75,2990,7200,2,0,0,3,8,2990,1997,0,98059,47.4955,-122.16,2710,7620
334000,3,2.25,2000,7225,2,0,0,4,7,2000,1985,0,98030,47.349,-122.167,1950,7464
475000,4,1.75,1650,7775,1,0,0,4,7,1150,1950,0,98133,47.715,-122.354,1390,7200
175000,2,1,740,3434,1,0,0,5,6,740,1920,0,98022,47.2088,-121.992,1160,6000
497950,4,2.5,1950,3000,2,0,0,3,7,1550,1998,0,98118,47.565,-122.281,1540,4300
338000,3,2.5,1590,7819,2,0,0,3,7,1590,1992,0,98055,47.4367,-122.199,1790,7733
560000,3,1.75,2000,10182,1,0,0,5,7,1400,1963,0,98033,47.6616,-122.175,2050,10182
537000,4,2.25,2640,8800,1,0,0,3,8,1620,1980,0,98072,47.7552,-122.148,2500,11700
910000,3,2,2700,6120,1,0,0,4,8,1350,1962,0,98115,47.6731,-122.327,1700,4590
585000,3,1.75,2170,153767,1,0,0,3,7,2170,1976,0,98042,47.3694,-122.065,2840,49500
480000,5,2.5,2160,7737,2,0,0,3,7,2160,1998,0,98065,47.5381,-121.872,2460,7737
370000,4,1,1540,9541,1.5,0,0,4,7,1540,1961,0,98034,47.7104,-122.213,1290,9541
510000,6,4.5,3300,7480,2,0,0,3,8,3300,1980,0,98052,47.6796,-122.104,2470,7561
5e+05,3,1.5,1320,8100,1,0,0,4,7,1320,1951,0,98177,47.7194,-122.371,1480,8100
240000,3,2.5,1620,5250,2,0,0,3,8,1620,1987,0,98003,47.3538,-122.301,1650,5250
734000,4,2.5,3490,18521,2,0,0,4,9,3490,1990,0,98077,47.7406,-122.07,2850,18521
799900,4,2.5,3030,7800,2,0,0,3,9,1580,1991,0,98033,47.689,-122.196,2840,7435
3e+05,4,2.5,1960,9898,2,0,0,3,8,1960,2001,0,98030,47.3834,-122.168,2130,7662
870000,4,2.75,3410,23000,2,0,0,4,10,3410,1982,0,98006,47.5559,-122.149,2490,15512
670000,5,2.5,2860,68519,2,0,0,5,8,2860,1958,0,98065,47.5265,-121.835,1670,35910
539000,3,2,2260,9568,1,0,0,3,8,1780,1985,0,98074,47.6457,-122.058,2250,9744
304000,3,1,900,7500,1,0,0,4,7,900,1972,0,98034,47.7314,-122.237,1960,7500
968000,4,1.75,2630,9645,1,0,0,4,9,2630,1963,0,98040,47.5459,-122.228,2690,10439
740000,4,3.5,3060,4777,2,0,0,3,9,3060,2007,0,98029,47.555,-122,3060,4935
225000,3,2.25,1590,9200,1,0,0,4,7,1110,1979,0,98092,47.2917,-122.184,1880,9200
704000,4,2.25,2490,6973,1,0,0,4,8,1490,1953,0,98199,47.6516,-122.409,1780,5612
545000,3,1.75,1400,4000,1.5,0,0,4,7,1400,1925,0,98117,47.6902,-122.388,1050,4330
372000,4,2.5,2500,8215,2,0,0,3,8,2500,1990,0,98031,47.4124,-122.204,2360,7801
505000,2,1,1250,5040,1,0,0,3,7,950,1920,0,98117,47.6959,-122.365,1290,5040
3e+05,3,1,1260,8280,1,0,0,3,6,1260,1946,0,98115,47.7,-122.299,2100,8280
499950,4,2.5,2910,20067,2,0,0,3,9,2910,2001,0,98168,47.4714,-122.273,1730,21420
539950,3,1.75,1820,9875,1,0,0,4,8,1820,1966,0,98008,47.6243,-122.094,2670,10000
339000,3,2.5,1450,3748,2,0,0,3,7,1450,2004,0,98065,47.532,-121.85,1970,3748
975000,4,2.25,2250,3600,2,0,0,4,9,2010,1912,1994,98119,47.643,-122.37,1910,3990
2187730,4,4.5,4240,13162,2,0,0,3,10,4240,2004,0,98039,47.6193,-122.229,3010,12163
208000,3,1,1050,6240,1,0,0,5,5,1050,1948,0,98146,47.4933,-122.338,1410,6240
225000,3,1,1120,8407,1,0,0,5,6,1120,1987,0,98022,47.2051,-122.006,1250,8658
745000,3,1.75,2050,11041,1.5,0,0,5,9,2050,1959,0,98005,47.5968,-122.174,2530,11041
275000,3,1,990,9798,1,0,0,3,7,990,1968,0,98072,47.767,-122.164,1210,9870
330000,4,1.75,1550,50094,1,0,3,4,6,1550,1967,0,98022,47.2194,-122.059,1720,50094
499000,3,2.5,1540,1326,3,0,0,3,8,1390,1995,0,98119,47.6457,-122.374,1680,1592
447000,3,1,1310,7000,1,0,0,4,7,1310,1958,0,98008,47.6019,-122.123,1280,7300
1550000,3,4,5120,4600,3,0,2,3,11,4490,2008,0,98034,47.7052,-122.223,2510,5918
746000,3,2.5,2620,8950,2,0,0,3,9,2620,1992,0,98006,47.5523,-122.119,2850,8809
349950,4,2,1764,15600,1,0,0,5,7,1764,1942,0,98058,47.4318,-122.181,1490,22387
355000,2,1.75,1650,4000,1,0,0,4,7,950,1947,0,98108,47.5622,-122.319,1060,4110
272450,3,2.25,1780,7332,2,0,0,3,7,1780,1987,0,98038,47.3593,-122.051,1510,7625
488800,4,2.25,2170,9665,1,0,0,4,8,1300,1976,0,98006,47.5444,-122.165,2170,12054
799000,3,2.5,2860,4442,2,0,0,3,8,2860,2000,0,98199,47.661,-122.396,1440,4400
184900,2,1,1230,5000,1,0,0,5,6,1230,1911,0,98022,47.2064,-121.988,1230,5413
637000,4,2.75,2190,2867,1.5,0,0,5,7,1470,1929,0,98115,47.6868,-122.308,1600,3800
390000,4,2.5,2560,43560,2,0,0,3,8,2560,1989,0,98038,47.3692,-122.047,2130,10150
610000,4,2.5,2110,6360,2,0,0,3,8,2110,1988,0,98029,47.5641,-122.012,2050,7000
415000,2,2.25,1130,2191,2,0,0,3,8,1130,2010,0,98052,47.6861,-122.103,1140,1710
625000,3,2,1880,4000,1,0,2,3,8,1280,1950,0,98199,47.6375,-122.391,1920,4000
314000,2,1,720,4920,1,0,0,3,6,720,1941,0,98126,47.5352,-122.371,670,4920
321000,3,1,1290,9526,1.5,0,0,3,7,1290,1961,0,98034,47.7111,-122.213,1290,9508
490000,3,1.75,1490,11360,1,0,0,3,8,1490,1975,0,98008,47.5896,-122.12,2350,10320
299950,2,1,800,3000,1,0,0,3,6,800,1904,0,98118,47.5602,-122.292,1640,3400
452000,2,1.75,1740,5400,1,0,0,4,7,990,1946,0,98115,47.6971,-122.282,1980,5400
718500,3,1.5,1200,6240,1,0,0,3,8,1030,1952,0,98112,47.6222,-122.287,2810,6240
83000,2,1,900,8580,1,0,0,3,5,900,1918,0,98168,47.4727,-122.27,2060,6533
220000,2,1,890,4804,1,0,0,4,7,890,1928,0,98133,47.7027,-122.346,1010,3844
520000,3,1.75,1430,53628,2,0,0,3,8,1430,1985,0,98024,47.5577,-121.891,2100,53628
665000,2,2,1615,4590,1.5,0,0,5,8,1615,1906,0,98103,47.6886,-122.348,1470,4590
287000,3,1,1250,26862,1,0,0,3,7,1250,1965,0,98058,47.426,-122.154,1530,24463
235000,3,1.75,1950,8712,1,0,0,3,7,1950,1960,0,98055,47.4391,-122.189,1820,11520
839000,5,4,4280,11307,2,0,0,3,10,2710,1996,0,98027,47.5503,-122.081,3080,11307
526000,3,1.75,1530,6125,1,0,0,3,7,1120,1958,0,98116,47.5687,-122.397,1360,6125
475000,3,2.5,2680,87117,1,0,0,3,7,1340,1989,0,98024,47.5646,-121.935,2580,87117
280000,4,1.5,1940,6386,1,0,0,3,7,1140,1954,0,98118,47.5533,-122.285,1340,6165
567500,4,1.75,2190,5060,1,0,0,3,7,1190,1950,0,98116,47.5846,-122.387,1510,4600
391265,3,2,1440,3900,1,0,0,3,8,1440,2002,0,98053,47.7022,-122.021,1350,3900
325500,3,1.5,1540,8110,1,0,0,4,7,1190,1959,0,98125,47.7329,-122.291,1290,8110
450000,3,2.5,2480,5647,2,0,0,3,7,2480,2002,0,98065,47.5355,-121.88,2510,5018
660000,4,2.25,3180,13653,2,0,0,3,9,3180,1978,0,98074,47.6316,-122.05,2910,12350
512500,4,1.75,1620,4240,1.5,0,0,5,7,1620,1916,0,98144,47.5746,-122.311,1450,4240
4e+05,3,2,1860,12944,1,0,0,3,9,1860,2002,0,98058,47.4298,-122.102,2500,29279
530000,3,1.75,1430,10350,1,0,0,3,7,1430,1959,0,98008,47.6353,-122.123,1890,10350
608000,4,2.75,2490,9714,1,0,0,4,8,1400,1983,0,98011,47.7496,-122.201,2060,15300
487585,4,1.75,2010,9211,1,0,0,3,7,1470,1977,0,98034,47.7206,-122.171,1840,8500
240000,3,1,1600,12566,1,0,0,4,7,1600,1971,0,98045,47.4431,-121.765,1600,10650
820000,4,2.5,3670,7000,2,0,0,3,10,3670,2005,0,98075,47.5854,-122.08,3680,7437
325000,3,1.5,1270,1067,3,0,0,3,8,1270,2009,0,98133,47.7236,-122.353,1090,1118
340000,4,2.5,2320,4142,2,0,0,3,7,2320,2010,0,98038,47.3662,-122.019,2150,4140
673000,4,2.25,2580,2875,2,0,0,3,9,2580,2015,0,98116,47.5674,-122.392,1290,5750
484259,4,2.75,2790,5000,2,0,0,3,8,2790,2014,0,98045,47.4831,-121.773,2620,5527
1680000,3,2.5,4090,16972,2,0,2,3,11,3590,2007,0,98177,47.7258,-122.37,3740,16972
282000,4,2.5,1785,2552,2,0,0,3,8,1785,2009,0,98030,47.3582,-122.2,1691,2700
449950,3,2.25,1540,1270,3,0,0,3,7,1540,2014,0,98103,47.6935,-122.341,1230,1454
622950,4,3.25,3030,7644,2,0,0,3,8,2830,2006,0,98065,47.5457,-121.881,3400,6908
409950,3,2.5,2655,5080,2,0,0,3,8,2655,2013,0,98023,47.2972,-122.348,2879,5232
325000,2,2.25,1230,1058,2,0,0,3,7,1160,2008,0,98027,47.5325,-122.073,1240,817
810000,4,2.5,2910,6555,2,0,0,3,9,2910,2005,0,98033,47.6659,-122.172,2910,10419
754842,3,2.5,2930,5641,2,0,0,3,8,2930,2013,0,98052,47.71,-122.113,3300,5641
478000,3,3.25,1430,1348,2,0,0,3,8,1160,2008,0,98107,47.6743,-122.374,1160,1265
368000,3,2.5,1370,1350,2,0,0,3,7,1010,2007,0,98136,47.5534,-122.382,1450,6000
1481000,4,3.5,5220,15411,2,0,3,3,11,3550,2006,0,98075,47.592,-122.085,3110,14124
569995,4,2.5,2650,6875,2,0,0,3,8,2650,2014,0,98059,47.479,-122.124,2650,5831
570000,4,2.5,2890,5801,2,0,0,3,9,2890,2005,0,98028,47.7349,-122.238,2890,6286
895900,4,3.5,3640,4983,2,0,3,3,9,2790,2014,0,98075,47.5619,-122.027,3270,14700
1598000,5,3.75,4270,7500,2,0,0,3,10,3210,2014,0,98033,47.6845,-122.207,2410,8350
480000,5,2.75,2670,4780,2,0,0,3,8,2670,2013,0,98059,47.4866,-122.155,2560,5380
459950,5,2.75,3078,6371,2,0,0,3,9,3078,2014,0,98042,47.3587,-122.163,1979,19030
565000,3,2.5,1870,1058,3,0,0,3,8,1380,2007,0,98103,47.6512,-122.345,1440,1136
844000,4,3.5,3350,6350,2,0,2,3,8,2610,2009,0,98116,47.5602,-122.39,1820,6350
491000,5,3.5,2815,4900,2,0,0,3,9,2815,2011,0,98030,47.3424,-122.179,2798,4900
482500,2,2.5,1170,809,2,0,0,3,9,1170,2007,0,98103,47.6875,-122.339,1170,1121
870000,4,3.5,2780,3100,2,0,0,3,8,2120,2014,0,98117,47.6886,-122.364,1740,3600
355000,3,2.25,1410,1332,2,0,0,3,7,1290,2004,0,98027,47.5345,-122.069,1445,1290
799950,5,3.75,3760,4702,2,0,0,3,9,2780,2014,0,98034,47.7202,-122.223,2950,5981
7e+05,2,2,1490,713,3,0,0,3,9,1490,2014,0,98109,47.6356,-122.346,1490,1110
305000,4,2.25,1763,3717,2,0,0,3,8,1763,2012,0,98031,47.4213,-122.194,1763,3666
424950,2,1.5,1000,1188,3,0,0,3,8,1000,2005,0,98115,47.6823,-122.327,2300,3500
360000,4,1.75,2010,12188,1,0,0,4,7,1150,1960,0,98059,47.5013,-122.147,1720,8475
497000,3,2.25,1460,1353,2,0,0,3,8,1050,2012,0,98116,47.5774,-122.412,1690,3776
689000,4,3.5,4490,5805,2,0,0,3,9,3390,2006,0,98065,47.5389,-121.86,4410,6299
627000,4,2.5,2750,11830,2,0,0,3,9,2750,2014,0,98059,47.4698,-122.121,2310,11830
335000,4,2.5,1900,3301,2,0,0,3,7,1900,2007,0,98178,47.489,-122.249,1960,3379
405000,5,2.75,2400,4900,2,0,0,3,8,2400,2011,0,98038,47.355,-122.057,2110,5696
375000,3,2.5,1580,2407,2,0,0,3,8,1580,2013,0,98126,47.5455,-122.368,1580,2212
389700,3,2.5,1720,3581,2,0,0,3,7,1720,2011,0,98053,47.6861,-122.013,1720,3600
529000,2,2,1540,9714,2,0,0,3,8,1540,2008,0,98177,47.7628,-122.359,1840,8179
3e+05,3,3.25,1470,1235,2,0,0,3,7,1180,2008,0,98108,47.5537,-122.313,1470,1243
585000,3,2.5,2160,1250,3,0,0,3,8,1830,2010,0,98119,47.6515,-122.375,1870,2825
365000,3,2.25,1110,979,2,0,0,3,7,960,2008,0,98144,47.5999,-122.3,1170,1400
950000,5,4,4100,8120,2,0,0,3,9,4100,2011,0,98053,47.6917,-122.02,4100,7625
452000,4,2.5,2716,7850,2,0,0,3,9,2716,2014,0,98030,47.352,-122.197,2580,14448
1080000,3,2.5,2240,21477,2,0,2,3,8,2240,1995,0,98006,47.5745,-122.18,2930,21569
344000,3,2.25,1250,871,3,0,0,3,8,1250,2007,0,98103,47.6907,-122.343,1250,1158
667000,3,2.5,2510,3819,2,0,0,3,8,2510,2007,0,98052,47.6987,-122.096,2520,3990
350000,4,2.5,1660,2500,2,0,0,3,7,1660,2007,0,98118,47.5437,-122.283,1030,5000
1020000,4,3.5,3770,8501,2,0,0,3,10,3770,2008,0,98033,47.6744,-122.196,1520,9660
1050000,4,3.75,3280,11000,2,0,0,3,10,2320,2008,0,98033,47.6855,-122.201,2400,8351
230000,3,1.75,1140,1201,2,0,0,3,8,1140,2014,0,98108,47.5637,-122.295,1210,1552
224000,3,1.75,1500,11968,1,0,0,3,6,1500,2014,0,98010,47.3095,-122.002,1320,11303
